{"mean": [224.63095092773438, 13.534018516540527, 34.91919708251953, 20.534011840820312, 12.694046974182129, 8.039320945739746], "std": [15.123552322387695, 1.4916707277297974, 2.99069881439209, 2.4576022624969482, 1.9190943241119385, 1.163493275642395]}